use,sample_index,coco_image_id,label,license,attribution_flickr_page,coco_url
eval,0,12959,no_person,CC BY 2.0,https://www.flickr.com/photo.gne?id=9193206893,http://images.cocodataset.org/val2014/COCO_val2014_000000012959.jpg
eval,1,24921,no_person,CC BY 2.0,https://www.flickr.com/photo.gne?id=3027610214,http://images.cocodataset.org/val2014/COCO_val2014_000000024921.jpg
eval,2,50576,no_person,CC BY 2.0,https://www.flickr.com/photo.gne?id=8801642968,http://images.cocodataset.org/val2014/COCO_val2014_000000050576.jpg
eval,3,53956,no_person,CC BY 2.0,https://www.flickr.com/photo.gne?id=6169682649,http://images.cocodataset.org/val2014/COCO_val2014_000000053956.jpg
eval,4,63478,no_person,CC BY-SA 2.0,https://www.flickr.com/photo.gne?id=2937742459,http://images.cocodataset.org/val2014/COCO_val2014_000000063478.jpg
eval,5,77172,no_person,CC BY 2.0,https://www.flickr.com/photo.gne?id=3160991664,http://images.cocodataset.org/val2014/COCO_val2014_000000077172.jpg
eval,6,86215,no_person,CC BY 2.0,https://www.flickr.com/photo.gne?id=5206869832,http://images.cocodataset.org/val2014/COCO_val2014_000000086215.jpg
eval,7,127585,no_person,CC BY 2.0,https://www.flickr.com/photo.gne?id=390520381,http://images.cocodataset.org/val2014/COCO_val2014_000000127585.jpg
eval,8,137004,no_person,CC BY 2.0,https://www.flickr.com/photo.gne?id=3346960200,http://images.cocodataset.org/val2014/COCO_val2014_000000137004.jpg
eval,9,145436,no_person,CC BY 2.0,https://www.flickr.com/photo.gne?id=8887772322,http://images.cocodataset.org/val2014/COCO_val2014_000000145436.jpg
eval,10,182775,no_person,CC BY-SA 2.0,https://www.flickr.com/photo.gne?id=3161248505,http://images.cocodataset.org/val2014/COCO_val2014_000000182775.jpg
eval,11,208166,no_person,CC BY 2.0,https://www.flickr.com/photo.gne?id=8420855607,http://images.cocodataset.org/val2014/COCO_val2014_000000208166.jpg
eval,12,213765,no_person,CC BY-SA 2.0,https://www.flickr.com/photo.gne?id=8401062344,http://images.cocodataset.org/val2014/COCO_val2014_000000213765.jpg
eval,13,223496,no_person,CC BY-SA 2.0,https://www.flickr.com/photo.gne?id=4640982591,http://images.cocodataset.org/val2014/COCO_val2014_000000223496.jpg
eval,14,231362,no_person,CC BY 2.0,https://www.flickr.com/photo.gne?id=8034310490,http://images.cocodataset.org/val2014/COCO_val2014_000000231362.jpg
eval,15,249815,no_person,CC BY 2.0,https://www.flickr.com/photo.gne?id=7812809440,http://images.cocodataset.org/val2014/COCO_val2014_000000249815.jpg
eval,16,298172,no_person,CC BY 2.0,https://www.flickr.com/photo.gne?id=3224922930,http://images.cocodataset.org/val2014/COCO_val2014_000000298172.jpg
eval,17,314779,no_person,CC BY 2.0,https://www.flickr.com/photo.gne?id=4625455538,http://images.cocodataset.org/val2014/COCO_val2014_000000314779.jpg
eval,18,321079,no_person,CC BY 2.0,https://www.flickr.com/photo.gne?id=3965411649,http://images.cocodataset.org/val2014/COCO_val2014_000000321079.jpg
eval,19,346013,no_person,CC BY-SA 2.0,https://www.flickr.com/photo.gne?id=7066508947,http://images.cocodataset.org/val2014/COCO_val2014_000000346013.jpg
eval,20,372983,no_person,CC BY 2.0,https://www.flickr.com/photo.gne?id=2393330320,http://images.cocodataset.org/val2014/COCO_val2014_000000372983.jpg
eval,21,400554,no_person,CC BY 2.0,https://www.flickr.com/photo.gne?id=7988193295,http://images.cocodataset.org/val2014/COCO_val2014_000000400554.jpg
eval,22,420490,no_person,CC BY 2.0,https://www.flickr.com/photo.gne?id=2270063445,http://images.cocodataset.org/val2014/COCO_val2014_000000420490.jpg
eval,23,421757,no_person,CC BY 2.0,https://www.flickr.com/photo.gne?id=9687057660,http://images.cocodataset.org/val2014/COCO_val2014_000000421757.jpg
eval,24,458790,no_person,CC BY-SA 2.0,https://www.flickr.com/photo.gne?id=10303978,http://images.cocodataset.org/val2014/COCO_val2014_000000458790.jpg
eval,25,466665,no_person,CC BY 2.0,https://www.flickr.com/photo.gne?id=9556121160,http://images.cocodataset.org/val2014/COCO_val2014_000000466665.jpg
eval,26,499093,no_person,CC BY-SA 2.0,https://www.flickr.com/photo.gne?id=3447204506,http://images.cocodataset.org/val2014/COCO_val2014_000000499093.jpg
eval,27,538243,no_person,CC BY-SA 2.0,https://www.flickr.com/photo.gne?id=475146138,http://images.cocodataset.org/val2014/COCO_val2014_000000538243.jpg
eval,28,541635,no_person,CC BY 2.0,https://www.flickr.com/photo.gne?id=2304960902,http://images.cocodataset.org/val2014/COCO_val2014_000000541635.jpg
eval,29,572767,no_person,CC BY 2.0,https://www.flickr.com/photo.gne?id=6194179248,http://images.cocodataset.org/val2014/COCO_val2014_000000572767.jpg
eval,30,11320,person,No known copyright restrictions,https://www.flickr.com/photo.gne?id=3095884537,http://images.cocodataset.org/val2014/COCO_val2014_000000011320.jpg
eval,31,45844,person,CC BY-SA 2.0,https://www.flickr.com/photo.gne?id=9272871420,http://images.cocodataset.org/val2014/COCO_val2014_000000045844.jpg
eval,32,50434,person,CC BY 2.0,https://www.flickr.com/photo.gne?id=3379503278,http://images.cocodataset.org/val2014/COCO_val2014_000000050434.jpg
eval,33,61684,person,CC BY-SA 2.0,https://www.flickr.com/photo.gne?id=844867825,http://images.cocodataset.org/val2014/COCO_val2014_000000061684.jpg
eval,34,65773,person,CC BY-SA 2.0,https://www.flickr.com/photo.gne?id=3596491190,http://images.cocodataset.org/val2014/COCO_val2014_000000065773.jpg
eval,35,102056,person,CC BY 2.0,https://www.flickr.com/photo.gne?id=4378780730,http://images.cocodataset.org/val2014/COCO_val2014_000000102056.jpg
eval,36,138054,person,CC BY-SA 2.0,https://www.flickr.com/photo.gne?id=4582825192,http://images.cocodataset.org/val2014/COCO_val2014_000000138054.jpg
eval,37,164366,person,CC BY 2.0,https://www.flickr.com/photo.gne?id=9026323717,http://images.cocodataset.org/val2014/COCO_val2014_000000164366.jpg
eval,38,182441,person,CC BY 2.0,https://www.flickr.com/photo.gne?id=9439811527,http://images.cocodataset.org/val2014/COCO_val2014_000000182441.jpg
eval,39,189365,person,CC BY 2.0,https://www.flickr.com/photo.gne?id=8994760710,http://images.cocodataset.org/val2014/COCO_val2014_000000189365.jpg
eval,40,216198,person,CC BY-SA 2.0,https://www.flickr.com/photo.gne?id=9012618571,http://images.cocodataset.org/val2014/COCO_val2014_000000216198.jpg
eval,41,238488,person,CC BY 2.0,https://www.flickr.com/photo.gne?id=4662592023,http://images.cocodataset.org/val2014/COCO_val2014_000000238488.jpg
eval,42,243213,person,CC BY 2.0,https://www.flickr.com/photo.gne?id=3895175496,http://images.cocodataset.org/val2014/COCO_val2014_000000243213.jpg
eval,43,256852,person,CC BY 2.0,https://www.flickr.com/photo.gne?id=50858112,http://images.cocodataset.org/val2014/COCO_val2014_000000256852.jpg
eval,44,262235,person,CC BY 2.0,https://www.flickr.com/photo.gne?id=21730223,http://images.cocodataset.org/val2014/COCO_val2014_000000262235.jpg
eval,45,262394,person,CC BY-SA 2.0,https://www.flickr.com/photo.gne?id=3340163603,http://images.cocodataset.org/val2014/COCO_val2014_000000262394.jpg
eval,46,278853,person,CC BY-SA 2.0,https://www.flickr.com/photo.gne?id=428240698,http://images.cocodataset.org/val2014/COCO_val2014_000000278853.jpg
eval,47,312889,person,CC BY-SA 2.0,https://www.flickr.com/photo.gne?id=3458563880,http://images.cocodataset.org/val2014/COCO_val2014_000000312889.jpg
eval,48,343769,person,CC BY 2.0,https://www.flickr.com/photo.gne?id=5618134380,http://images.cocodataset.org/val2014/COCO_val2014_000000343769.jpg
eval,49,344325,person,CC BY 2.0,https://www.flickr.com/photo.gne?id=8708671249,http://images.cocodataset.org/val2014/COCO_val2014_000000344325.jpg
eval,50,351530,person,CC BY-SA 2.0,https://www.flickr.com/photo.gne?id=8125752591,http://images.cocodataset.org/val2014/COCO_val2014_000000351530.jpg
eval,51,374734,person,CC BY 2.0,https://www.flickr.com/photo.gne?id=5589577152,http://images.cocodataset.org/val2014/COCO_val2014_000000374734.jpg
eval,52,384995,person,CC BY 2.0,https://www.flickr.com/photo.gne?id=4128582794,http://images.cocodataset.org/val2014/COCO_val2014_000000384995.jpg
eval,53,413126,person,CC BY 2.0,https://www.flickr.com/photo.gne?id=9604557034,http://images.cocodataset.org/val2014/COCO_val2014_000000413126.jpg
eval,54,424960,person,CC BY-SA 2.0,https://www.flickr.com/photo.gne?id=2761575482,http://images.cocodataset.org/val2014/COCO_val2014_000000424960.jpg
eval,55,487351,person,CC BY-SA 2.0,https://www.flickr.com/photo.gne?id=299269801,http://images.cocodataset.org/val2014/COCO_val2014_000000487351.jpg
eval,56,515540,person,CC BY 2.0,https://www.flickr.com/photo.gne?id=5914339891,http://images.cocodataset.org/val2014/COCO_val2014_000000515540.jpg
eval,57,520964,person,CC BY-SA 2.0,https://www.flickr.com/photo.gne?id=440839367,http://images.cocodataset.org/val2014/COCO_val2014_000000520964.jpg
eval,58,534041,person,CC BY 2.0,https://www.flickr.com/photo.gne?id=526831619,http://images.cocodataset.org/val2014/COCO_val2014_000000534041.jpg
eval,59,574804,person,CC BY 2.0,https://www.flickr.com/photo.gne?id=10100925025,http://images.cocodataset.org/val2014/COCO_val2014_000000574804.jpg
demo,0,250368,person,CC BY 2.0,https://www.flickr.com/photo.gne?id=4554570320,http://images.cocodataset.org/val2014/COCO_val2014_000000250368.jpg
